,Julia,Python,R
Julia,1.0,4.025193870258098e-60,1.0
Python,4.025193870258098e-60,1.0,4.025193870258098e-60
R,1.0,4.025193870258098e-60,1.0
