,Julia,Python,R
Julia,1.0,3.01749722724824e-291,6.057332815683059e-74
Python,3.01749722724824e-291,1.0,6.057332815683059e-74
R,6.057332815683059e-74,6.057332815683059e-74,1.0
